[
	{ "id": 1, "title": "Cake", "price": 18.00, "category": "Food", "message": "50% discount on chocolate cake", "amount": 39, "start_date": "2019/7/12", "end_date": "2019/10/2", "image": "1"},
	{ "id": 2, "title": "Chang", "price": 19.00, "amount": 17 },
	{ "id": 3, "title": "Aniseed Syrup", "price": 10.00, "amount": 13 },
	{ "id": 4, "title": "Chef Anton's Cajun Seasoning", "price": 22.00, "amount": 53 },
	{ "id": 5, "title": "Chef Anton's Gumbo Mix", "price": 21.35, "amount": 0 },
	{ "id": 6, "title": "Grandma's Boysenberry Spread", "price": 25.00, "amount": 120 },
	{ "id": 7, "title": "Uncle Bob's Organic Dried Pears", "price": 30.00, "amount": 15 },
	{ "id": 8, "title": "Northwoods Cranberry Sauce", "price": 40.00, "amount": 6 },
	{ "id": 9, "title": "Mishi Kobe Niku", "price": 97.00, "amount": 29 },
	{ "id": 10, "title": "Ikura", "price": 31.00, "amount": 31 },
	{ "id": 11, "title": "Queso Cabrales", "price": 21.00, "amount": 22 },
	{ "id": 12, "title": "Queso Manchego La Pastora", "price": 38.00, "amount": 86 },
	{ "id": 13, "title": "Konbu", "price": 6.00, "amount": 24 },
	{ "id": 14, "title": "Tofu", "price": 23.25, "amount": 35 },
	{ "id": 15, "title": "Genen Shouyu", "price": 15.50, "amount": 39 },
	{ "id": 16, "title": "Pavlova", "price": 17.45, "amount": 29 },
	{ "id": 17, "title": "Alice Mutton", "price": 39.00, "amount": 0 },
	{ "id": 18, "title": "Carnarvon Tigers", "price": 62.50, "amount": 42 },
	{ "id": 19, "title": "Teatime Chocolate Biscuits", "price": 9.20, "amount": 25 },
	{ "id": 20, "title": "Sir Rodney's Marmalade", "price": 81.00, "amount": 40 },
	{ "id": 21, "title": "Sir Rodney's Scones", "price": 10.00, "amount": 3 },
	{ "id": 22, "title": "Gustaf's Knäckebröd", "price": 21.00, "amount": 104 },
	{ "id": 23, "title": "Tunnbröd", "price": 9.00, "amount": 61 },
	{ "id": 24, "title": "Guaraná Fantástica", "price": 4.50, "amount": 20 },
	{ "id": 25, "title": "NuNuCa Nuß-Nougat-Creme", "price": 14.00, "amount": 76 },
	{ "id": 26, "title": "Gumbär Gummibärchen", "price": 31.23, "amount": 15 },
	{ "id": 27, "title": "Schoggi Schokolade", "price": 43.90, "amount": 49 },
	{ "id": 28, "title": "Rössle Sauerkraut", "price": 45.60, "amount": 26 },
	{ "id": 29, "title": "Thüringer Rostbratwurst", "price": 123.79, "amount": 0 },
	{ "id": 30, "title": "Nord-Ost Matjeshering", "price": 25.89, "amount": 10 },
	{ "id": 31, "title": "Gorgonzola Telino", "price": 12.50, "amount": 0 },
	{ "id": 32, "title": "Mascarpone Fabioli", "price": 32.00, "amount": 9 },
	{ "id": 33, "title": "Geitost", "price": 2.50, "amount": 112 },
	{ "id": 34, "title": "Sasquatch Ale", "price": 14.00, "amount": 111 },
	{ "id": 35, "title": "Steeleye Stout", "price": 18.00, "amount": 20 },
	{ "id": 36, "title": "Inlagd Sill", "price": 19.00, "amount": 112 },
	{ "id": 37, "title": "Gravad lax", "price": 26.00, "amount": 11 },
	{ "id": 38, "title": "Côte de Blaye", "price": 263.50, "amount": 17 },
	{ "id": 39, "title": "Chartreuse verte", "price": 18.00, "amount": 69 },
	{ "id": 40, "title": "Boston Crab Meat", "price": 18.40, "amount": 123 },
	{ "id": 41, "title": "Jack's New England Clam Chowder", "price": 9.65, "amount": 85 },
	{ "id": 42, "title": "Singaporean Hokkien Fried Mee", "price": 14.00, "amount": 26 },
	{ "id": 43, "title": "Ipoh Coffee", "price": 46.00, "amount": 17 },
	{ "id": 44, "title": "Gula Malacca", "price": 19.45, "amount": 27 },
	{ "id": 45, "title": "Rogede sild", "price": 9.50, "amount": 5 },
	{ "id": 46, "title": "Spegesild", "price": 12.00, "amount": 95 },
	{ "id": 47, "title": "Zaanse koeken", "price": 9.50, "amount": 36 },
	{ "id": 48, "title": "Chocolade", "price": 12.75, "amount": 15 },
	{ "id": 49, "title": "Maxilaku", "price": 20.00, "amount": 10 },
	{ "id": 50, "title": "Valkoinen suklaa", "price": 16.25, "amount": 65 },
	{ "id": 51, "title": "Manjimup Dried Apples", "price": 53.00, "amount": 20 },
	{ "id": 52, "title": "Filo Mix", "price": 7.00, "amount": 38 },
	{ "id": 53, "title": "Perth Pasties", "price": 32.80, "amount": 0 },
	{ "id": 54, "title": "Tourtière", "price": 7.45, "amount": 21 },
	{ "id": 55, "title": "Pâté chinois", "price": 24.00, "amount": 115 },
	{ "id": 56, "title": "Gnocchi di nonna Alice", "price": 38.00, "amount": 21 },
	{ "id": 57, "title": "Ravioli Angelo", "price": 19.50, "amount": 36 },
	{ "id": 58, "title": "Escargots de Bourgogne", "price": 13.25, "amount": 62 },
	{ "id": 59, "title": "Raclette Courdavault", "price": 55.00, "amount": 79 },
	{ "id": 60, "title": "Camembert Pierrot", "price": 34.00, "amount": 19 },
	{ "id": 61, "title": "Sirop d'érable", "price": 28.50, "amount": 113 },
	{ "id": 62, "title": "Tarte au sucre", "price": 49.30, "amount": 17 },
	{ "id": 63, "title": "Vegie-spread", "price": 43.90, "amount": 24 },
	{ "id": 64, "title": "Wimmers gute Semmelknödel", "price": 33.25, "amount": 22 },
	{ "id": 65, "title": "Louisiana Fiery Hot Pepper Sauce", "price": 21.05, "amount": 76 },
	{ "id": 66, "title": "Louisiana Hot Spiced Okra", "price": 17.00, "amount": 4 },
	{ "id": 67, "title": "Laughing Lumberjack Lager", "price": 14.00, "amount": 52 },
	{ "id": 68, "title": "Scottish Longbreads", "price": 12.50, "amount": 6 },
	{ "id": 69, "title": "Gudbrandsdalsost", "price": 36.00, "amount": 26 },
	{ "id": 70, "title": "Outback Lager", "price": 15.00, "amount": 15 },
	{ "id": 71, "title": "Flotemysost", "price": 21.50, "amount": 26 },
	{ "id": 72, "title": "Mozzarella di Giovanni", "price": 34.80, "amount": 14 },
	{ "id": 73, "title": "Röd Kaviar", "price": 15.00, "amount": 101 },
	{ "id": 74, "title": "Longlife Tofu", "price": 10.00, "amount": 4 },
	{ "id": 75, "title": "Rhönbräu Klosterbier", "price": 7.75, "amount": 125 },
	{ "id": 76, "title": "Lakkalikööri", "price": 18.00, "amount": 57 },
	{ "id": 77, "title": "Original Frankfurter grüne Soße", "price": 13.00, "amount": 32 }
]